"Project","Deliverables","Planned.Start","Planned.End","Actual.Start","Actual.End","Completion"
"Single Window Initiative","Project Close-out (DG-IP)",2017-08-01,2018-03-31,2018-08-01,2019-01-11,100
"Single Window Initiative","Project Close-out (EC-FIPT)",2017-08-01,2018-03-31,2018-08-01,,90
"Drug Shortages","R2.2 Phase 2",2018-10-17,2018-10-24,2018-07-24,2018-10-24,100
"Drug Shortages","R2.3 Development",2018-10-01,2018-11-09,2018-10-01,2018-11-23,100
"Drug Shortages","R2.3 UAT & Bug fixes",2018-11-26,2018-12-10,2018-11-26,2018-12-06,100
"Drug Shortages","R2.3 Communication",2018-11-19,2018-12-18,2018-11-06,2018-12-18,100
"Drug Shortages","R2.3 Production Release",2018-12-18,2018-12-18,2018-12-19,2018-12-19,100
"Drug Shortages","R2.4 Business Requirements",2018-11-01,2018-11-19,2018-11-01,2018-11-30,100
"Drug Shortages","R2.4 Development",2019-01-07,2019-03-15,2019-01-21,,60
"Drug Shortages","R2.4 UAT & Bug Fixes",2019-03-18,2019-03-29,2019-02-15,,50
"Drug Shortages","R2.4 Communication",2019-03-29,2019-03-29,,,0
"Drug Shortages","R2.4 Production Release",2019-03-31,2019-03-31,,,0
"Drug Shortages","R2.4 Demo to stakeholders",2019-04-10,2019-04-10,,,0
"Establishment Licensing and Inspections","Complete options analysis & have business case DG/ADM approved",2017-09-08,2017-11-17,2017-09-08,2018-06-14,100
"Establishment Licensing and Inspections","Business Case DG/ADM approved",2017-09-08,2017-11-17,2018-04-24,2018-12-18,100
"Establishment Licensing and Inspections","Project Charter DG/ADM approved",2017-09-08,2017-11-17,2017-11-01,2018-12-18,100
"Establishment Licensing and Inspections","Complete preliminary PCRA",2017-09-08,2017-11-17,2018-09-11,2018-09-11,100
"Establishment Licensing and Inspections","Complete stage 2 costing",2017-09-08,2017-11-17,2018-06-14,2018-10-01,100
"Establishment Licensing and Inspections","DG-IP Gate 2 Review",2017-09-08,2017-12-09,2018-12-01,2018-12-18,100
"Establishment Licensing and Inspections","EC-FIPT Gate 2 Approval",2017-09-08,2017-12-09,2019-01-16,2019-01-16,100
"Establishment Licensing and Inspections","Procurement Management Plan",2019-01-16,2019-03-31,,,0
"Establishment Licensing and Inspections","Privacy Plan",2019-01-16,2019-03-31,2019-01-16,,90
"Establishment Licensing and Inspections","Finalise the High Level Functional Requirements",2019-01-16,2019-03-31,2019-01-16,,40
"Establishment Licensing and Inspections","Information Architecture",2019-01-16,2019-03-31,2019-02-18,,10
"Establishment Licensing and Inspections","Components Interoperability Requirements",2019-01-16,2019-03-31,,,0
"Establishment Licensing and Inspections","High Level Solution Architecture and Design",2019-01-16,2019-03-31,,,0
"ROEB Data Analytics & Business Solutions","Branch IT assessment",2019-10-01,2020-06-30,2019-10-01,,60
"ROEB Data Analytics & Business Solutions","ROEB data literacy program",2019-10-01,2021-06-30,2019-10-01,,20
"ROEB Data Analytics & Business Solutions","Branch data analytics policy",2019-10-01,2020-12-31,2019-10-01,,30
"ROEB Data Analytics & Business Solutions","Data inventory",2019-10-01,2021-06-30,2019-10-01,,20
"ROEB Data Analytics & Business Solutions","Improving hardware & data science environment",2020-04-01,2020-12-31,,,0
"ROEB Data Analytics & Business Solutions","Project Cipher deliverables",2019-10-01,2021-06-30,2019-10-01,,20
"ROEB Data Analytics & Business Solutions","Project Cyclops deliverables",2019-10-01,2021-06-30,2019-10-01,,20
"ROEB Data Analytics & Business Solutions","Use case: EHP PMF",2019-10-01,2021-03-31,2019-10-01,,25
"ROEB Data Analytics & Business Solutions","Use case: Drug analysis",2019-10-01,2020-09-30,2019-10-01,,40
"ROEB Data Analytics & Business Solutions","PSES dashboard",2019-10-01,2021-06-30,2019-10-01,,20
"ROEB Data Analytics & Business Solutions","Strategic roadmap (DASR) for 2020/21",2020-01-01,2020-03-31,2020-01-01,,80
"ROEB Electronic Licensing and Global Supply Chain Mapping","Pitch to Directors",2019-02-07,2019-02-07,2019-02-07,2019-02-07,100
"ROEB Electronic Licensing and Global Supply Chain Mapping","Identify program SMEs",2019-02-07,2019-02-19,2019-02-07,,10
"ROEB Electronic Licensing and Global Supply Chain Mapping","Whiteboard sessions for requirements gathering",2019-03-04,2019-03-04,,,0
"ROEB Electronic Licensing and Global Supply Chain Mapping","Questionnarie completed",2019-03-13,2019-03-13,,,0
"ROEB Electronic Licensing and Global Supply Chain Mapping","Draft requirements and use cases",2019-03-04,2019-03-29,,,0
"ROEB Electronic Licensing and Global Supply Chain Mapping","Appoval of requirements",2019-04-12,2019-04-12,,,0
"Enabling Compliance and Enforcement Program Delivery","Pilot LMS: Cannabis",2018-07-01,2018-12-31,2018-07-01,,95
"Enabling Compliance and Enforcement Program Delivery","Pilot JIRA: First 3 instances (DEL, Border, AMS)",2018-09-01,2019-01-01,2018-09-01,,75
"Enabling Compliance and Enforcement Program Delivery","Pre-build activities - LMS: Health Product Inspection and Licensing",2018-12-01,2018-12-16,2018-12-01,2019-02-15,100
"Enabling Compliance and Enforcement Program Delivery","Pre-build activities - LMS: Tobacco & Vaping",2018-11-01,2018-11-16,2018-11-01,2018-11-16,100
"Enabling Compliance and Enforcement Program Delivery","Build activities - LMS: Tobacco & Vaping",2018-11-16,2019-01-04,2018-11-16,,65
"Enabling Compliance and Enforcement Program Delivery","Jira to Production",2019-03-07,2019-03-30,2019-03-01,,5
"Enabling Compliance and Enforcement Program Delivery","Pre-build activities - JIRA: Controlled Substances",2019-03-11,2019-04-01,,,0
"ROEB Aging IT (Stabilization/Modernization/Transformation)","Windows 2008 server migration",2018-07-15,2018-12-31,2018-08-06,,60
"ROEB Aging IT (Stabilization/Modernization/Transformation)","Decommission applications2018-04-01",2019-03-31,,,,
"ROEB Aging IT (Stabilization/Modernization/Transformation)","APM Update for Business Applications",2018-11-01,2018-11-13,2018-11-01,,15
"Drug and Health Product Inspections Database","Cloud Environment",2018-05-15,2019-03-31,2018-05-15,,50
"Drug and Health Product Inspections Database","Enhancement Phase 1",2018-04-01,2019-03-31,2018-04-01,,80
"Drug and Health Product Inspections Database","API (GMP, GVP, Blood)",2018-04-01,2019-03-31,2018-06-01,,80
"Drug and Health Product Inspections Database","API (MD, CT, CTO, DS)",2018-11-26,2019-03-31,2018-11-26,,40
"Modernizing the ROEB Employee eToolkit","Smartphones for MDIU pilot group to replace BB Leaps, where requested (20)",2018-08-17,2018-09-30,2018-08-27,2018-09-17,100
"Modernizing the ROEB Employee eToolkit","Training for MDIU Pilot group",2018-05-01,2018-05-30,2018-05-24,2018-05-24,100
"Modernizing the ROEB Employee eToolkit","Survey MDIU pilot group for feedback on devices and training",2018-07-01,2018-09-01,2018-07-01,2018-09-01,100
"Modernizing the ROEB Employee eToolkit","Aquire tablets/smartphones (ROEB)",2018-07-15,2019-03-31,2018-07-30,,85
"Modernizing the ROEB Employee eToolkit","Mobile Technology Training (ROEB)",2018-10-31,2019-03-31,2018-10-31,,75
"Modernizing the ROEB Employee eToolkit","Virtual Workstation Pilot (HPC, TVC)",2018-10-31,2018-12-31,2018-10-31,,25
"Modernizing the ROEB Employee eToolkit","E-Post connect onboarding and training (ROEB)",2018-04-01,2019-02-28,2018-04-01,2019-02-28,100
"Modernizing the ROEB Employee eToolkit","Smartpen Pilot (CSP)",2019-01-01,2019-06-30,2019-01-15,,10
"Border Compliance IT Modernization","Gate 3 planning & approval",2018-07-23,2018-10-15,2018-11-28,2019-02-21,100
"Border Compliance IT Modernization","Project Management Plan",2018-11-28,2019-01-15,2018-11-28,2019-01-31,100
"Border Compliance IT Modernization","Project Complexity and Risk Assessment",2018-11-28,2019-01-15,2018-11-28,2019-01-31,100
"Border Compliance IT Modernization","Refined Cost Estimates",2018-11-28,2019-01-15,2018-11-28,2019-02-08,100
"Border Compliance IT Modernization","High-level Functional Requirements",2018-11-28,2019-01-15,2018-11-28,2019-01-31,100
"Border Compliance IT Modernization","Security Documents (Statement of Sensitivity, Security Assessment and Authorization Report, Privacy Impact Assessment)",2018-11-28,2019-01-15,2018-11-28,2019-01-15,100
"Border Compliance IT Modernization","Gate 3 Deck",2018-01-15,2019-01-21,2019-01-15,2019-02-08,100
"Border Compliance IT Modernization","Sytem Procurement & Customization",,,,,0
"Quality Management System","Gate 2 - Project Initiation",,,,,0
"Quality Management System","HLBRD",2018-10-01,2018-11-18,2018-09-02,2019-01-15,100
"Quality Management System","Business Case / Project Charter / Project Schedule",2018-09-01,2019-01-11,2018-09-28,,85
"Quality Management System","Options analysis",2018-11-18,2019-03-01,2019-01-16,,0
"Quality Management System","IT Solution Recommendation",2019-01-11,2019-03-01,,,0
"Quality Management System","Pre-DG IP Review",2019-04-01,2019-04-01,,,0
"Quality Management System","Gate 2 DG-IP Recommendation",2019-04-01,2019-04-01,,,0
"Quality Management System","EC-FIPT Approval",2019-04-01,2019-04-01,,,0
"Quality Management System","Gate 3 - Project Planning",2019-04-01,2019-07-01,,,0
"Quality Management System","Gate 4 - Project Execution",2019-08-01,2020-06-01,,,0
"Quality Management System","Gate 5 - Project Close-Out",2020-06-01,2020-09-01,,,0
"GCdocs Project","Preparatory Phase",2018-05-01,2018-12-31,,,0
"GCdocs Project","Conduct an online scan for GCdocs information",2018-05-01,2018-12-31,2018-05-01,2018-12-31,100
"GCdocs Project","Develop RORB communication packages to raise awareness and promote training",2018-06-04,2018-11-30,2018-06-04,,80
"GCdocs Project","GCdocs training for TBI-IM staff",2018-07-03,2018-11-30,2018-07-03,,50
"GCdocs Project","Review Directorate RKAIâ€™s for accuracy and completeness",2018-07-03,2018-08-31,2018-07-03,2018-09-28,100
"GCdocs Project","Develop RORB GCdocs support and issues management documents",2018-09-10,2018-12-31,2018-09-10,2019-01-14,100
"GCdocs Project","Mobilization Phase",2018-07-09,2019-01-31,,,0
"GCdocs Project","Establish high level folder structure of GCdocs (with BIMA)",2018-07-09,2018-08-31,2018-07-09,2019-01-10,100
"GCdocs Project","Establish GCdocs working group consisting of Directorate SMEs within ROEB",2018-08-01,2018-08-31,2018-08-01,2018-08-31,100
"GCdocs Project","Establish low level folder structure of GCdocs (with Branch SME working groups)",2018-09-10,2018-11-30,2018-10-11,2018-12-14,100
"GCdocs Project","Establish Branch membership (folder access) structure",2018-09-10,2018-11-30,2019-01-11,,0
"GCdocs Project","All staff training: GCdocs e-learning course GCdocs Fundamentals",2018-10-01,2019-01-31,2019-12-18,,0
"GCdocs Project","Validation of GCdocs folder structure and folder access",2018-11-19,2018-11-30,2019-01-11,,0
"GCdocs Project","Implementation Phase",2019-02-05,2019-02-26,,,0
"GCdocs Project","Participate in deploying GCdocs tool to ROEB workstations",2019-02-05,2019-02-12,,,0
"GCdocs Project","Execute support and issues management protocol",2019-02-05,2019-02-12,,,0
"GCdocs Project","All staff training: GCdocs e-learning course Unleash the Power of GCdocs",2019-02-12,2019-02-26,,,0
"DAS Modernization","Gate 1 Deck",2018-10-01,2018-11-01,2018-10-01,2019-01-10,100
"DAS Modernization","Process Mapping",2018-11-01,2018-12-01,2018-11-01,2019-01-11,100
"DAS Modernization","Costing",2018-10-01,2018-12-01,2018-10-01,,25
"DAS Modernization","Gate 1 Approval",2018-11-30,2018-11-30,2018-11-30,2019-01-11,100
"DAS Modernization","High Level Requirements",2018-11-01,2019-02-08,2019-01-14,,70
"DAS Modernization","Project Charter",2019-01-14,2019-01-25,2019-01-21,,90
"DAS Modernization","OA",2019-02-11,2019-03-15,2019-02-22,,10
"DAS Modernization","PCRA",2019-03-01,2019-03-08,2019-02-21,2019-02-21,100
"Cost Recovery","CR reports for HPIL",2018-10-29,2018-01-31,2018-10-29,,0
"Cost Recovery","Analysis and validation report of Table A data entry test",2018-10-29,2018-12-15,,,0
"Cost Recovery","Datasets for fee calculator",2018-10-29,2018-01-31,2018-10-29,,0
"Cost Recovery","Analysis and validation report of HPIL's new workflows",2018-10-29,2019-01-31,,,0
"Cost Recovery","Pause-the-Clock algorithm",2018-01-02,2019-03-31,,,0
"Project Cyclops","Environmental Scan",2018-11-15,2019-01-09,2018-11-15,2019-02-15,100
"Project Cyclops","Options Analysis for MVP",2019-01-09,2019-05-10,2019-02-15,2019-05-10,100
"Project Cyclops","Final Recommended on MVP Solution",2019-05-10,2019-06-03,2019-05-10,2019-06-03,100
"Gadget Phase I","Deliver proof of concept of initial proposed system",2018-05-01,2019-03-31,,,0
"Gadget Phase I","Construct initial project goals after collaboration with NRC",2018-06-15,2018-07-16,,,0
"Gadget Phase I","Create a minimum viable product mock up and build pipeline",2018-07-16,2018-08-17,,,0
"Gadget Phase I","Design a Domain Model, Basic process models, Enable HTTPS",2018-08-07,2018-08-17,,,0
"Gadget Phase I","Conceptualize MVP and create sample UI pages",2018-08-27,2018-09-07,,,0
"Gadget Phase I","Code Production",2018-10-08,2018-10-19,,,0
"Gadget Phase I","Design Template Deliverable from Graphics Designer",,,,,0
"Gadget Phase I","Cut Images from CSS Cutter",,,,,0
"Gadget Phase I","Add cut images into the template",,,,,0
"Hummingbird","Submit Solution Fund Stream I proposal",,2018-10-01,,,0
"Hummingbird","Gather Key Business Requirements and Features for MVP",,,,2019-01-25,100
"Hummingbird","Develop Feasibility Report",,2019-01-31,,,0
"Hummingbird","Initiate Options Analysis",,2019-02-28,,,0
"Hummingbird","Deliver feasibility and options report",,2019-03-31,,,0
"Project Cipher","Submit Solution Fund Stream I proposal",,2018-10-01,,,0
"Project Cipher","Gather Key Business Requirements and Features for MVP",,,,,0
"Project Cipher","Data Assessment",,2019-03-22,,,0
"Project Cipher","Text Mining and NLP Assessment",,2019-04-01,,,0
"Project Cipher","Machine Learning and AI Assessment",,2019-06-28,,,0
